id;client_name;enter_date;location
1;contextually-based Alaska Fresh;2022-06-23T04:52:40;parsing
2;Micronesia Health Producer;2022-06-23T03:53:18;utilize
3;Concrete USB;2022-06-23T08:00:28;Soft
4;Sleek Assistant Bike;2022-06-23T06:18:47;world-class gold
5;Berkshire Tools portals;2022-06-23T10:26:56;Licensed Beauty ROI
6;Prairie;2022-06-23T16:04:58;copying Central payment
7;Keyboard Optional Carolina;2022-06-22T21:47:55;Direct Radial
8;magenta;2022-06-23T04:28:28;firewall ADP International
9;Up-sized Jewelery application;2022-06-23T07:31:54;Account Concrete program
10;input;2022-06-23T00:14:11;Small
